[{"owner": "relax_room_politecnico", "sensor_id": "sensorN1", "sensor_type": ["noise"], "measure": "boolean", "end-points": {"basetopic": "relax_room_iot", "complete_topic": ["relax_room_politecnico/room/noise/sensorN1"], "broker": "test.mosquitto.org", "port": 1883}, "insert-timestamp": 1716650964.2499282}, {"owner": "relax_room_politecnico", "sensor_id": "sensor_evo_1", "sensor_type": ["fiscal_code"], "measure": "string", "end-points": {"basetopic": "relax_room_iot", "complete_topic": ["relax_room_politecnico/room/fiscal_code/sensor_evo_1"], "broker": "test.mosquitto.org", "port": 1883}, "insert-timestamp": 1716660465.0202448}, {"owner": "relax_room_somewhere", "sensor_id": "sensorTH1/hum", "sensor_type": ["humidity"], "measure": "percentage", "end-points": {"basetopic": "relax_room_iot", "complete_topic": ["relax_room_somewhere/room/humidity/sensorTH1/hum"], "broker": "test.mosquitto.org", "port": 1883}, "insert-timestamp": 1716660751.2110877}]